{"metrics/precision":0.9850626166749903,"Labels":{"height":2000,"format":"jpg","count":2,"filenames":["media/images/Labels_0_7b4c8f315f614d59a06b.jpg","media/images/Labels_0_f673eb9c50efb874c59d.jpg"],"captions":["labels_correlogram.jpg","labels.jpg"],"_type":"images/separated","width":2000},"_timestamp":1.7379367653988504e+09,"train/box_loss":0.01581251248717308,"val/box_loss":0.013610174879431725,"x/lr1":0.000382857142857143,"Mosaics":{"filenames":["media/images/Mosaics_0_2f66191b1cab31ca148a.jpg","media/images/Mosaics_0_cb03f1eb8946819f0e4b.jpg","media/images/Mosaics_0_0799ea5fe865afec36be.jpg"],"captions":["train_batch0.jpg","train_batch1.jpg","train_batch2.jpg"],"_type":"images/separated","width":1920,"height":1920,"format":"jpg","count":3},"metrics/recall":0.993166373352211,"x/lr2":0.000382857142857143,"best/precision":0.9850624356742717,"_wandb":{"runtime":1675},"x/lr0":0.000382857142857143,"best/mAP_0.5:0.95":0.8246097373786266,"metrics/mAP_0.5:0.95":0.8243910904067681,"_runtime":1675.584542334,"val/cls_loss":0.0002505541197024286,"val/obj_loss":0.003126859664916992,"Validation":{"width":1920,"height":1100,"format":"jpg","count":6,"filenames":["media/images/Validation_70_1865efd18ce29a97f511.jpg","media/images/Validation_70_e369406a0bb8135a54b2.jpg","media/images/Validation_70_c5f7549950fc02aeb972.jpg","media/images/Validation_70_5eb0e0ea9b5e1bc3f314.jpg","media/images/Validation_70_2cf3efbe56f0378b0c0c.jpg","media/images/Validation_70_f3f7589f935a1b359867.jpg"],"captions":["val_batch0_labels.jpg","val_batch0_pred.jpg","val_batch1_labels.jpg","val_batch1_pred.jpg","val_batch2_labels.jpg","val_batch2_pred.jpg"],"_type":"images/separated"},"metrics/mAP_0.5":0.9935273324801522,"best/mAP_0.5":0.9934954301855788,"train/obj_loss":0.005175913218408823,"_step":70,"train/cls_loss":0.00026071950560435653,"best/recall":0.9931541732495548,"Results":{"count":6,"filenames":["media/images/Results_70_425e4d5f9746d45f90fd.png","media/images/Results_70_0037b2f24110a0d96bb6.png","media/images/Results_70_f7f6dfefe5c69fe48429.png","media/images/Results_70_ffd3fc46d0ee59b6df69.png","media/images/Results_70_345e07bf62ed26fb8853.png","media/images/Results_70_ee2fe6df6d1544fc6333.png"],"captions":["results.png","confusion_matrix.png","F1_curve.png","PR_curve.png","P_curve.png","R_curve.png"],"_type":"images/separated","width":2400,"height":1200,"format":"png"},"best/epoch":67}